-- phpMyAdmin SQL Dump
-- version 5.2.1
-- https://www.phpmyadmin.net/
--
-- Host: 127.0.0.1
-- Tempo de geração: 12/07/2024 às 16:29
-- Versão do servidor: 10.4.28-MariaDB
-- Versão do PHP: 8.2.4

SET SQL_MODE = "NO_AUTO_VALUE_ON_ZERO";
START TRANSACTION;
SET time_zone = "+00:00";


/*!40101 SET @OLD_CHARACTER_SET_CLIENT=@@CHARACTER_SET_CLIENT */;
/*!40101 SET @OLD_CHARACTER_SET_RESULTS=@@CHARACTER_SET_RESULTS */;
/*!40101 SET @OLD_COLLATION_CONNECTION=@@COLLATION_CONNECTION */;
/*!40101 SET NAMES utf8mb4 */;

--
-- Banco de dados: `bd_caso_estudo_vendas`
--
CREATE DATABASE IF NOT EXISTS `bd_caso_estudo_vendas` DEFAULT CHARACTER SET utf8mb4 COLLATE utf8mb4_general_ci;
USE `bd_caso_estudo_vendas`;

-- --------------------------------------------------------

--
-- Estrutura para tabela `tb_cli`
--

CREATE TABLE `tb_cli` (
  `cli_cod` int(11) NOT NULL,
  `cli_nome` varchar(60) NOT NULL,
  `cli_cpf` varchar(18) NOT NULL,
  `cli_end_rua` varchar(40) DEFAULT NULL,
  `cli_end_num` varchar(5) DEFAULT NULL,
  `cli_end_bairro` varchar(30) DEFAULT NULL,
  `cli_end_ccp` varchar(9) DEFAULT NULL
) ENGINE=InnoDB DEFAULT CHARSET=utf8mb4 COLLATE=utf8mb4_general_ci;

--
-- Despejando dados para a tabela `tb_cli`
--

INSERT INTO `tb_cli` (`cli_cod`, `cli_nome`, `cli_cpf`, `cli_end_rua`, `cli_end_num`, `cli_end_bairro`, `cli_end_ccp`) VALUES
(1, 'Maria das Dores', '888888888', 'Rua 7 de Setembro', '2024', 'Centro', '700000000');

-- --------------------------------------------------------

--
-- Estrutura para tabela `tb_cli_tel`
--

CREATE TABLE `tb_cli_tel` (
  `tel_cod` int(11) NOT NULL,
  `tel_cli_cod` int(11) NOT NULL,
  `tel_num` varchar(13) NOT NULL
) ENGINE=InnoDB DEFAULT CHARSET=utf8mb4 COLLATE=utf8mb4_general_ci;

--
-- Despejando dados para a tabela `tb_cli_tel`
--

INSERT INTO `tb_cli_tel` (`tel_cod`, `tel_cli_cod`, `tel_num`) VALUES
(1, 1, '112222233');

-- --------------------------------------------------------

--
-- Estrutura para tabela `tb_compra`
--

CREATE TABLE `tb_compra` (
  `compra_cod` int(11) NOT NULL,
  `compra_cli_cod` int(11) NOT NULL,
  `compra_func_cod` int(11) NOT NULL,
  `compra_qtd_prod` int(11) NOT NULL,
  `compra_qtd_cod` int(11) NOT NULL
) ENGINE=InnoDB DEFAULT CHARSET=utf8mb4 COLLATE=utf8mb4_general_ci;

--
-- Despejando dados para a tabela `tb_compra`
--

INSERT INTO `tb_compra` (`compra_cod`, `compra_cli_cod`, `compra_func_cod`, `compra_qtd_prod`, `compra_qtd_cod`) VALUES
(1, 1, 1, 0, 2);

-- --------------------------------------------------------

--
-- Estrutura para tabela `tb_depto`
--

CREATE TABLE `tb_depto` (
  `depto_cod` int(11) NOT NULL,
  `depto_desc` varchar(60) DEFAULT NULL
) ENGINE=InnoDB DEFAULT CHARSET=utf8mb4 COLLATE=utf8mb4_general_ci;

--
-- Despejando dados para a tabela `tb_depto`
--

INSERT INTO `tb_depto` (`depto_cod`, `depto_desc`) VALUES
(1, 'Vendas'),
(2, 'Administrativo'),
(3, 'Marketing'),
(4, 'Financeiro'),
(5, 'Pessoal');

-- --------------------------------------------------------

--
-- Estrutura para tabela `tb_forn`
--

CREATE TABLE `tb_forn` (
  `forn_cod` int(11) NOT NULL,
  `forn_nome` varchar(60) DEFAULT NULL,
  `forn_tel` varchar(13) DEFAULT NULL
) ENGINE=InnoDB DEFAULT CHARSET=utf8mb4 COLLATE=utf8mb4_general_ci;

--
-- Despejando dados para a tabela `tb_forn`
--

INSERT INTO `tb_forn` (`forn_cod`, `forn_nome`, `forn_tel`) VALUES
(1, 'Fornecedor um', '1111111111'),
(2, 'Fornecedor dois', '1122222222');

-- --------------------------------------------------------

--
-- Estrutura para tabela `tb_func`
--

CREATE TABLE `tb_func` (
  `func_cod` int(11) NOT NULL,
  `func_depto` int(11) NOT NULL,
  `func_nome` varchar(50) NOT NULL,
  `func_cpf` varchar(18) NOT NULL
) ENGINE=InnoDB DEFAULT CHARSET=utf8mb4 COLLATE=utf8mb4_general_ci;

--
-- Despejando dados para a tabela `tb_func`
--

INSERT INTO `tb_func` (`func_cod`, `func_depto`, `func_nome`, `func_cpf`) VALUES
(1, 1, 'Iolanda', '9999999999'),
(2, 2, 'Martin', '8888888888'),
(3, 3, 'Hudson', '8888888888'),
(4, 4, 'Cesar', '7777777777'),
(5, 5, 'Carlos', '666666666');

-- --------------------------------------------------------

--
-- Estrutura para tabela `tb_prod`
--

CREATE TABLE `tb_prod` (
  `prod_cod` int(11) NOT NULL,
  `prod_forn_cod` int(11) NOT NULL,
  `prod_desc` varchar(60) DEFAULT NULL,
  `prod_vlr` decimal(10,0) DEFAULT NULL
) ENGINE=InnoDB DEFAULT CHARSET=utf8mb4 COLLATE=utf8mb4_general_ci;

--
-- Despejando dados para a tabela `tb_prod`
--

INSERT INTO `tb_prod` (`prod_cod`, `prod_forn_cod`, `prod_desc`, `prod_vlr`) VALUES
(1, 1, 'produto um', 10),
(2, 2, 'produto dois', 20),
(3, 1, 'produto tres', 30);

-- --------------------------------------------------------

--
-- Estrutura para tabela `tb_prod_comp`
--

CREATE TABLE `tb_prod_comp` (
  `prod_cod` int(11) NOT NULL,
  `compra_cod` int(11) NOT NULL
) ENGINE=InnoDB DEFAULT CHARSET=utf8mb4 COLLATE=utf8mb4_general_ci;

--
-- Despejando dados para a tabela `tb_prod_comp`
--

INSERT INTO `tb_prod_comp` (`prod_cod`, `compra_cod`) VALUES
(1, 1),
(2, 1),
(1, 1),
(2, 1);

--
-- Índices para tabelas despejadas
--

--
-- Índices de tabela `tb_cli`
--
ALTER TABLE `tb_cli`
  ADD PRIMARY KEY (`cli_cod`);

--
-- Índices de tabela `tb_cli_tel`
--
ALTER TABLE `tb_cli_tel`
  ADD PRIMARY KEY (`tel_cod`),
  ADD KEY `fk_cli_tel` (`tel_cli_cod`);

--
-- Índices de tabela `tb_compra`
--
ALTER TABLE `tb_compra`
  ADD PRIMARY KEY (`compra_cod`),
  ADD KEY `fk_compra_func_idx` (`compra_func_cod`),
  ADD KEY `fk_compra_cli_idx` (`compra_cli_cod`);

--
-- Índices de tabela `tb_depto`
--
ALTER TABLE `tb_depto`
  ADD PRIMARY KEY (`depto_cod`);

--
-- Índices de tabela `tb_forn`
--
ALTER TABLE `tb_forn`
  ADD PRIMARY KEY (`forn_cod`);

--
-- Índices de tabela `tb_func`
--
ALTER TABLE `tb_func`
  ADD PRIMARY KEY (`func_cod`),
  ADD KEY `fk_func_depto_idx` (`func_depto`);

--
-- Índices de tabela `tb_prod`
--
ALTER TABLE `tb_prod`
  ADD PRIMARY KEY (`prod_cod`),
  ADD KEY `fk_prod_forn` (`prod_forn_cod`);

--
-- Índices de tabela `tb_prod_comp`
--
ALTER TABLE `tb_prod_comp`
  ADD KEY `fk_prod_comp_prod_idx` (`prod_cod`),
  ADD KEY `fk_prod_comp_compra_idx` (`compra_cod`);

--
-- Restrições para tabelas despejadas
--

--
-- Restrições para tabelas `tb_cli_tel`
--
ALTER TABLE `tb_cli_tel`
  ADD CONSTRAINT `fk_cli_tel` FOREIGN KEY (`tel_cli_cod`) REFERENCES `tb_cli` (`cli_cod`) ON DELETE NO ACTION ON UPDATE NO ACTION;

--
-- Restrições para tabelas `tb_compra`
--
ALTER TABLE `tb_compra`
  ADD CONSTRAINT `fk_compra_cli` FOREIGN KEY (`compra_cli_cod`) REFERENCES `tb_cli` (`cli_cod`) ON DELETE NO ACTION ON UPDATE NO ACTION,
  ADD CONSTRAINT `fk_compra_func` FOREIGN KEY (`compra_func_cod`) REFERENCES `tb_func` (`func_cod`) ON DELETE NO ACTION ON UPDATE NO ACTION,
  ADD CONSTRAINT `fk_compra_func_cod` FOREIGN KEY (`compra_func_cod`) REFERENCES `tb_func` (`func_cod`) ON DELETE NO ACTION ON UPDATE NO ACTION;

--
-- Restrições para tabelas `tb_func`
--
ALTER TABLE `tb_func`
  ADD CONSTRAINT `fk_func_depto` FOREIGN KEY (`func_depto`) REFERENCES `tb_depto` (`depto_cod`) ON DELETE NO ACTION ON UPDATE NO ACTION;

--
-- Restrições para tabelas `tb_prod`
--
ALTER TABLE `tb_prod`
  ADD CONSTRAINT `fk_prod_forn` FOREIGN KEY (`prod_forn_cod`) REFERENCES `tb_forn` (`forn_cod`) ON DELETE NO ACTION ON UPDATE NO ACTION;

--
-- Restrições para tabelas `tb_prod_comp`
--
ALTER TABLE `tb_prod_comp`
  ADD CONSTRAINT `fk_prod_comp_compra` FOREIGN KEY (`compra_cod`) REFERENCES `tb_compra` (`compra_cod`) ON DELETE NO ACTION ON UPDATE NO ACTION,
  ADD CONSTRAINT `fk_prod_comp_prod` FOREIGN KEY (`prod_cod`) REFERENCES `tb_prod` (`prod_cod`) ON DELETE NO ACTION ON UPDATE NO ACTION;
--
-- Banco de dados: `brecho`
--
CREATE DATABASE IF NOT EXISTS `brecho` DEFAULT CHARACTER SET utf8mb4 COLLATE utf8mb4_general_ci;
USE `brecho`;

-- --------------------------------------------------------

--
-- Estrutura para tabela `cadastro`
--

CREATE TABLE `cadastro` (
  `id` int(11) NOT NULL,
  `nome_usuario` varchar(220) NOT NULL,
  `cpf` int(20) NOT NULL,
  `endereco` varchar(220) NOT NULL,
  `telefone` int(20) NOT NULL,
  `senha` varchar(220) NOT NULL
) ENGINE=InnoDB DEFAULT CHARSET=utf8mb4 COLLATE=utf8mb4_general_ci;

--
-- Despejando dados para a tabela `cadastro`
--

INSERT INTO `cadastro` (`id`, `nome_usuario`, `cpf`, `endereco`, `telefone`, `senha`) VALUES
(1, '', 123123, '', 0, 'asdasd'),
(2, '', 123123, '', 0, 'asdasd'),
(3, '', 123123, '', 0, 'asdasd'),
(4, '', 123123, '', 0, 'asddasd');

--
-- Índices para tabelas despejadas
--

--
-- Índices de tabela `cadastro`
--
ALTER TABLE `cadastro`
  ADD PRIMARY KEY (`id`);

--
-- AUTO_INCREMENT para tabelas despejadas
--

--
-- AUTO_INCREMENT de tabela `cadastro`
--
ALTER TABLE `cadastro`
  MODIFY `id` int(11) NOT NULL AUTO_INCREMENT, AUTO_INCREMENT=5;
--
-- Banco de dados: `cadastrar`
--
CREATE DATABASE IF NOT EXISTS `cadastrar` DEFAULT CHARACTER SET utf8mb4 COLLATE utf8mb4_general_ci;
USE `cadastrar`;

-- --------------------------------------------------------

--
-- Estrutura para tabela `usuarios`
--

CREATE TABLE `usuarios` (
  `id` int(11) NOT NULL,
  `nome` varchar(20) NOT NULL,
  `email` varchar(20) NOT NULL,
  `created` datetime NOT NULL,
  `modified` datetime DEFAULT NULL
) ENGINE=InnoDB DEFAULT CHARSET=utf8mb4 COLLATE=utf8mb4_general_ci;

--
-- Despejando dados para a tabela `usuarios`
--

INSERT INTO `usuarios` (`id`, `nome`, `email`, `created`, `modified`) VALUES
(1, '', '', '2024-07-03 11:18:14', NULL),
(2, 'pablo henrique torre', 'pablohenriquetorresg', '2024-07-03 11:18:16', NULL),
(3, 'pablo henrique torre', 'pablohenriquetorresg', '2024-07-03 11:18:51', NULL),
(4, 'pablo henrique torre', 'pablohenriquetorresg', '2024-07-05 10:35:49', NULL),
(5, 'ADM', 'adm@teste.com', '2024-07-05 10:36:27', NULL);

--
-- Índices para tabelas despejadas
--

--
-- Índices de tabela `usuarios`
--
ALTER TABLE `usuarios`
  ADD PRIMARY KEY (`id`);

--
-- AUTO_INCREMENT para tabelas despejadas
--

--
-- AUTO_INCREMENT de tabela `usuarios`
--
ALTER TABLE `usuarios`
  MODIFY `id` int(11) NOT NULL AUTO_INCREMENT, AUTO_INCREMENT=6;
--
-- Banco de dados: `cadastro`
--
CREATE DATABASE IF NOT EXISTS `cadastro` DEFAULT CHARACTER SET utf8mb4 COLLATE utf8mb4_general_ci;
USE `cadastro`;

-- --------------------------------------------------------

--
-- Estrutura para tabela `clientes`
--

CREATE TABLE `clientes` (
  `id` int(11) NOT NULL,
  `nome` varchar(220) NOT NULL,
  `email` varchar(220) NOT NULL,
  `created` date NOT NULL,
  `modified` date DEFAULT NULL
) ENGINE=InnoDB DEFAULT CHARSET=utf8mb4 COLLATE=utf8mb4_general_ci;

--
-- Despejando dados para a tabela `clientes`
--

INSERT INTO `clientes` (`id`, `nome`, `email`, `created`, `modified`) VALUES
(1, '', '', '2024-04-16', NULL),
(2, 'MARIA DO SOCORRO DE CARVALHO AMORIM', '', '2024-04-16', NULL),
(3, '', '', '2024-04-17', NULL),
(4, '', '', '2024-04-17', NULL),
(5, '', '', '2024-04-17', NULL),
(6, 'MARIA DO SOCORRO DE CARVALHO AMORIM', '', '2024-04-17', NULL),
(7, '', '', '2024-04-17', NULL),
(8, '', '', '2024-04-17', NULL),
(9, '', '', '2024-04-17', NULL),
(10, '', '', '2024-04-17', NULL),
(11, '', '', '2024-04-17', NULL),
(12, '', '', '2024-04-17', NULL),
(13, '', '', '2024-04-17', NULL),
(14, '', '', '2024-04-22', NULL),
(15, '', '', '2024-04-22', NULL),
(16, 'MARIA DO SOCORRO DE CARVALHO AMORIM', '', '2024-04-22', NULL),
(17, '', '', '2024-04-22', NULL),
(18, 'MARIA DO SOCORRO DE CARVALHO AMORIM', '', '2024-04-22', NULL),
(19, '', '', '2024-04-22', NULL),
(20, '', '', '2024-04-22', NULL),
(21, '', '', '2024-04-22', NULL),
(22, '', '', '2024-04-22', NULL);

--
-- Índices para tabelas despejadas
--

--
-- Índices de tabela `clientes`
--
ALTER TABLE `clientes`
  ADD PRIMARY KEY (`id`);

--
-- AUTO_INCREMENT para tabelas despejadas
--

--
-- AUTO_INCREMENT de tabela `clientes`
--
ALTER TABLE `clientes`
  MODIFY `id` int(11) NOT NULL AUTO_INCREMENT, AUTO_INCREMENT=23;
--
-- Banco de dados: `desafio`
--
CREATE DATABASE IF NOT EXISTS `desafio` DEFAULT CHARACTER SET utf8mb4 COLLATE utf8mb4_general_ci;
USE `desafio`;

-- --------------------------------------------------------

--
-- Estrutura para tabela `usuarios`
--

CREATE TABLE `usuarios` (
  `id` int(11) NOT NULL,
  `nome` varchar(20) NOT NULL,
  `email` varchar(220) NOT NULL,
  `cpf` int(14) DEFAULT NULL
) ENGINE=InnoDB DEFAULT CHARSET=utf8mb4 COLLATE=utf8mb4_general_ci;

--
-- Despejando dados para a tabela `usuarios`
--

INSERT INTO `usuarios` (`id`, `nome`, `email`, `cpf`) VALUES
(1, 'admin', 'admin.123@ex.com', 123456),
(2, 'pablo', 'pablohenriquetorresgama@gmail.com', 2147483647),
(3, 'MARIA DO SOCORRO DE ', 'ynayramorim@hotmail.com', 2147483647),
(4, 'MARIA DO SOCORRO DE ', 'ynayramorim@hotmail.com', 213423423),
(5, 'rogerio', 'roger@gmail.com', 1231231),
(6, 'leonardo', 'leonardo@senac.com', 2147483647),
(7, 'Gleice', 'gleice@gmail.com', 123154456),
(8, 'JULIO', 'julio.andrade@gmail.com', 1231545),
(9, 'JULIO', 'julio.andrade@gmail.com', 1231545),
(10, 'zxczxc', 'gleice@gmail.com', 2147483647);

--
-- Índices para tabelas despejadas
--

--
-- Índices de tabela `usuarios`
--
ALTER TABLE `usuarios`
  ADD PRIMARY KEY (`id`);

--
-- AUTO_INCREMENT para tabelas despejadas
--

--
-- AUTO_INCREMENT de tabela `usuarios`
--
ALTER TABLE `usuarios`
  MODIFY `id` int(11) NOT NULL AUTO_INCREMENT, AUTO_INCREMENT=11;
--
-- Banco de dados: `governogdf`
--
CREATE DATABASE IF NOT EXISTS `governogdf` DEFAULT CHARACTER SET utf8mb4 COLLATE utf8mb4_general_ci;
USE `governogdf`;

-- --------------------------------------------------------

--
-- Estrutura para tabela `renumeracao_2013_01`
--

CREATE TABLE `renumeracao_2013_01` (
  `NOME` varchar(70) DEFAULT NULL,
  `CPF_FORMATADO` varchar(40) DEFAULT NULL,
  `DC_EMPRESA` varchar(90) DEFAULT NULL,
  `DC_CARGO` varchar(80) DEFAULT NULL,
  `DC_FUNCAO` varchar(100) DEFAULT NULL,
  `DC_GRUPO_SITFUNC` varchar(100) DEFAULT NULL,
  `CO_MES_REFERENCIA` varchar(100) DEFAULT NULL,
  `CO_EXERCICIO` varchar(111) DEFAULT NULL,
  `VL_LIQUIDO` varchar(100) DEFAULT NULL
) ENGINE=InnoDB DEFAULT CHARSET=utf8mb4 COLLATE=utf8mb4_general_ci;

--
-- Despejando dados para a tabela `renumeracao_2013_01`
--

INSERT INTO `renumeracao_2013_01` (`NOME`, `CPF_FORMATADO`, `DC_EMPRESA`, `DC_CARGO`, `DC_FUNCAO`, `DC_GRUPO_SITFUNC`, `CO_MES_REFERENCIA`, `CO_EXERCICIO`, `VL_LIQUIDO`) VALUES
(NULL, '456.123.789-00', 'Empresa QWE', 'Assistente', 'Administrativo', 'Ativo', '1', '2013', '3000.00'),
(NULL, '457131', 'SECRETARIA DE ESTADO DE EDUCACAO,ESPORTE E LAZER ', 'PROFESSOR CLASSE A', '0', 'ATIVO', '1', '2013', '501763'),
(NULL, '457131', 'SECRETARIA DE ESTADO DE EDUCACAO,ESPORTE E LAZER ', 'PROFESSOR CLASSE A', '0', 'ATIVO', '1', '2013', '501763'),
(NULL, '457131', 'SECRETARIA DE ESTADO DE EDUCACAO,ESPORTE E LAZER ', 'PROFESSOR CLASSE A', '0', 'ATIVO', '1', '2013', '501763'),
(NULL, '457131', 'SECRETARIA DE ESTADO DE EDUCACAO,ESPORTE E LAZER ', 'PROFESSOR CLASSE A', '0', 'ATIVO', '1', '2013', '501763'),
(NULL, '134801', 'SECRETARIA DE ESTADO DE EDUCACAO,ESPORTE E LAZER DF', 'PROFESSOR CLASSE A', '0', 'APOSENTADO', '1', '2013', '4601.46'),
(NULL, '456511', 'SECRETARIA DE ESTADO DE EDUCACAO,ESPORTE E LAZER DF', 'PROFESSOR CLASSE A', '0', 'ATIVO', '1', '2013', '6494.34'),
(NULL, '895401', 'SECRETARIA DE ESTADO DE SAUDE', 'ENFERMEIRO', '0', 'ATIVO', '1', '2013', '5672.95'),
(NULL, '308854', 'SECRETARIA DE ESTADO DE SAUDE', 'MEDICO - OFTALMOLOGIA', '0', 'ATIVO', '1', '2013', '14776.44'),
(NULL, '482291', 'SECRETARIA DE ESTADO DE EDUCACAO,ESPORTE E LAZER DF', 'PROFESSOR CLASSE A', '0', 'ATIVO', '1', '2013', '6051.84'),
(NULL, '735711', 'SECRETARIA DE ESTADO DE SAUDE', 'TECNICO POL PUBL E GEST GOV', '0', 'ATIVO', '1', '2013', '5249.25'),
(NULL, '534942', 'SECRETARIA DE ESTADO DE EDUCACAO,ESPORTE E LAZER DF', 'PROFESSOR CLASSE A', '0', 'APOSENTADO', '1', '2013', '6703.96'),
(NULL, '517021', 'SECRETARIA DE ESTADO DE EDUCACAO,ESPORTE E LAZER DF', 'AGENTE GE CONS LIMP', '0', 'APOSENTADO', '1', '2013', '1141.94'),
(NULL, '728597', 'SECRETARIA DE ESTADO DE EDUCACAO,ESPORTE E LAZER DF', 'PROFESSOR CLASSE A', '0', 'ATIVO', '1', '2013', '6737.14'),
(NULL, '729051', 'SECRETARIA DE ESTADO DE EDUCACAO,ESPORTE E LAZER DF', 'PROFESSOR CLASSE B', '0', 'ATIVO', '1', '2013', '4424.60'),
(NULL, '457131', 'SECRETARIA DE ESTADO DE EDUCACAO,ESPORTE E LAZER ', 'PROFESSOR CLASSE A', '0', 'ATIVO', '1', '2013', '501763'),
(NULL, '134801', 'SECRETARIA DE ESTADO DE EDUCACAO,ESPORTE E LAZER DF', 'PROFESSOR CLASSE A', '0', 'APOSENTADO', '1', '2013', '4601.46'),
(NULL, '456511', 'SECRETARIA DE ESTADO DE EDUCACAO,ESPORTE E LAZER DF', 'PROFESSOR CLASSE A', '0', 'ATIVO', '1', '2013', '6494.34'),
(NULL, '895401', 'SECRETARIA DE ESTADO DE SAUDE', 'ENFERMEIRO', '0', 'ATIVO', '1', '2013', '5672.95'),
(NULL, '308854', 'SECRETARIA DE ESTADO DE SAUDE', 'MEDICO - OFTALMOLOGIA', '0', 'ATIVO', '1', '2013', '14776.44'),
(NULL, '482291', 'SECRETARIA DE ESTADO DE EDUCACAO,ESPORTE E LAZER DF', 'PROFESSOR CLASSE A', '0', 'ATIVO', '1', '2013', '6051.84'),
(NULL, '735711', 'SECRETARIA DE ESTADO DE SAUDE', 'TECNICO POL PUBL E GEST GOV', '0', 'ATIVO', '1', '2013', '5249.25'),
(NULL, '534942', 'SECRETARIA DE ESTADO DE EDUCACAO,ESPORTE E LAZER DF', 'PROFESSOR CLASSE A', '0', 'APOSENTADO', '1', '2013', '6703.96'),
(NULL, '517021', 'SECRETARIA DE ESTADO DE EDUCACAO,ESPORTE E LAZER DF', 'AGENTE GE CONS LIMP', '0', 'APOSENTADO', '1', '2013', '1141.94'),
(NULL, '728597', 'SECRETARIA DE ESTADO DE EDUCACAO,ESPORTE E LAZER DF', 'PROFESSOR CLASSE A', '0', 'ATIVO', '1', '2013', '6737.14'),
(NULL, '731691', 'SECRETARIA DE ESTADO DE EDUCACAO,ESPORTE E LAZER DF', 'AGENTE GE CONS LIMP', '0', 'ATIVO', '1', '2013', '4008.13'),
(NULL, '465261', 'SECRETARIA DE ESTADO DE EDUCACAO,ESPORTE E LAZER DF', 'AGENTE GE PORTARIA', '0', 'PENSAO', '1', '2013', '2225.54'),
(NULL, '518815', 'SECRETARIA DE ESTADO DE EDUCACAO,ESPORTE E LAZER DF', 'PROFESSOR CLASSE B', '0', 'ATIVO', '1', '2013', '10675.83'),
(NULL, '935511', 'SECRETARIA DE ESTADO DE EDUCACAO,ESPORTE E LAZER DF', 'PROFESSOR CLASSE A', '0', 'ATIVO', '1', '2013', '5193.85'),
(NULL, '905061', 'SECRETARIA DE ESTADO DE EDUCACAO,ESPORTE E LAZER DF', 'PROFESSOR CLASSE A', '0', 'ATIVO', '1', '2013', '6186.18'),
(NULL, '855981', 'SECRETARIA DE ESTADO DE EDUCACAO,ESPORTE E LAZER DF', 'PROFESSOR DE EDUCACAO BASICA', '0', 'ATIVO', '1', '2013', '4037.02'),
(NULL, '192001', 'SECRETARIA DE ESTADO DE EDUCACAO,ESPORTE E LAZER DF', 'PROFESSOR CLASSE A', '0', 'APOSENTADO', '1', '2013', '8981.35'),
(NULL, '892061', 'SECRETARIA DE ESTADO DE SAUDE', 'AUXILIAR DE ENFERMAGEM', '0', 'ATIVO', '1', '2013', '11003.01'),
(NULL, '282301', 'SECRETARIA DE ESTADO DE EDUCACAO,ESPORTE E LAZER DF', 'PROFESSOR CLASSE A', '0', 'ATIVO', '1', '2013', '5066.16'),
(NULL, '694586', 'SECRETARIA DE ESTADO DE EDUCACAO,ESPORTE E LAZER DF', 'PROFESSOR DE EDUCACAO BASICA', '0', 'ATIVO', '1', '2013', '4664.58'),
(NULL, '309601', 'SECRETARIA DE ESTADO DE EDUCACAO,ESPORTE E LAZER DF', 'PROFESSOR CLASSE A', '0', 'ATIVO', '1', '2013', '5977.93'),
(NULL, '944991', 'SECRETARIA DE ESTADO DE EDUCACAO,ESPORTE E LAZER DF', 'PROFESSOR CLASSE A', '0', 'ATIVO', '1', '2013', '9894.38'),
(NULL, '76661', 'SECRETARIA DE ESTADO DE EDUCACAO,ESPORTE E LAZER DF', 'PROFESSOR CLASSE A', '0', 'APOSENTADO', '1', '2013', '14767.35'),
(NULL, '572391', 'SECRETARIA DE ESTADO DE SAUDE', 'AUXILIAR DE ENFERMAGEM', '0', 'ATIVO', '1', '2013', '2852.97'),
(NULL, '610657', 'SECRETARIA DE ESTADO DE EDUCACAO,ESPORTE E LAZER DF', 'PROFESSOR CLASSE A', '0', 'APOSENTADO', '1', '2013', '7000.52'),
(NULL, '650771', 'SECRETARIA DE ESTADO DE SAUDE', 'MEDICO - RADIOLOGISTA', '0', 'ATIVO', '1', '2013', '1640.25'),
(NULL, '907471', 'SECRETARIA DE ESTADO DE EDUCACAO,ESPORTE E LAZER DF', 'PROFESSOR CLASSE A', '0', 'ATIVO', '1', '2013', '5296.96'),
(NULL, '226381', 'SECRETARIA DE ESTADO DE EDUCACAO,ESPORTE E LAZER DF', 'PROFESSOR CLASSE A', '0', 'ATIVO', '1', '2013', '6116.30'),
(NULL, '819501', 'SECRETARIA DE ESTADO DE EDUCACAO,ESPORTE E LAZER DF', 'PROFESSOR CLASSE A', '0', 'APOSENTADO', '1', '2013', '6763.05'),
(NULL, '103861', 'SECRETARIA DE ESTADO DE EDUCACAO,ESPORTE E LAZER DF', 'PROFESSOR CLASSE A', '0', 'APOSENTADO', '1', '2013', '7109.84'),
(NULL, '955701', 'INSTITUTO DE PREVIDENCIA DOS SERVIDORES DO DISTRITO FEDERAL - DFPREV', 'TECNICO GE SEC ESCOLAR', '0', 'PENSAO', '1', '2013', '2434.84'),
(NULL, '844251', 'SECRETARIA DE ESTADO DE EDUCACAO,ESPORTE E LAZER DF', 'AGENTE GE CONS LIMP', '0', 'ATIVO', '1', '2013', '4013.15'),
(NULL, '897531', 'SECRETARIA DE ESTADO DE EDUCACAO,ESPORTE E LAZER DF', 'PROFESSOR CLASSE A', '0', 'APOSENTADO', '1', '2013', '6390.58'),
(NULL, '272431', 'SECRETARIA DE ESTADO DE EDUCACAO,ESPORTE E LAZER DF', 'PROFESSOR CLASSE A', '0', 'ATIVO', '1', '2013', '6229.42'),
(NULL, '198851', 'SECRETARIA DE ESTADO DE EDUCACAO,ESPORTE E LAZER DF', 'TECNICO GE APOIO ADMINISTRAT', '0', 'ATIVO', '1', '2013', '4426.35'),
(NULL, '692801', 'SECRETARIA DE ESTADO DE SAUDE', 'AUXILIAR DE ENFERMAGEM', '0', 'ATIVO', '1', '2013', '3943.30'),
(NULL, '378531', 'SECRETARIA DE ESTADO DE EDUCACAO,ESPORTE E LAZER DF', 'PROFESSOR DE EDUCACAO BASICA', '0', 'ATIVO', '1', '2013', '4139.97'),
(NULL, '785861', 'SECRETARIA DE ESTADO DE POLITICAS CRIANCAS, ADOLESCENTES E JUVENTUDE', 'CONSELHEIRO TUTELAR', '0', 'ATIVO', '1', '2013', '2229.77'),
(NULL, '785861', 'SECRETARIA DE ESTADO DE DESENVOLVIMENTO HUMANO E SOCIAL', 'TEC.ASS.SOCIAL - AG. SOCIAL', '0', 'ATIVO', '1', '2013', '3168.49'),
(NULL, '977161', 'SECRETARIA DE ESTADO DE EDUCACAO,ESPORTE E LAZER DF', 'PROFESSOR CLASSE A', '0', 'PENSAO', '1', '2013', '1972.48'),
(NULL, '291601', 'SECRETARIA DE ESTADO DE EDUCACAO,ESPORTE E LAZER DF', 'PROFESSOR CLASSE A', '0', 'ATIVO', '1', '2013', '6492.55'),
(NULL, '786146', 'SECRETARIA DE ESTADO DE EDUCACAO,ESPORTE E LAZER DF', 'PROFESSOR CLASSE A', '0', 'ATIVO', '1', '2013', '3889.54'),
(NULL, '139651', 'SECRETARIA DE ESTADO DE EDUCACAO,ESPORTE E LAZER DF', 'PROFESSOR CLASSE A', '0', 'ATIVO', '1', '2013', '5416.42'),
(NULL, '676011', 'SECRETARIA DE ESTADO DE EDUCACAO,ESPORTE E LAZER DF', 'AGENTE GE CONS LIMP', '0', 'ATIVO', '1', '2013', '3924.46'),
(NULL, '580021', 'SECRETARIA DE ESTADO DE EDUCACAO,ESPORTE E LAZER DF', 'PROFESSOR DE EDUCACAO BASICA', '0', 'ATIVO', '1', '2013', '4052.99'),
(NULL, '620891', 'SECRETARIA DE ESTADO DE EDUCACAO,ESPORTE E LAZER DF', 'AGENTE GE CONS LIMP', '0', 'ATIVO', '1', '2013', '3854.47'),
(NULL, '789036', 'SECRETARIA DE ESTADO DE EDUCACAO,ESPORTE E LAZER DF', 'PROFESSOR CLASSE A', '0', 'APOSENTADO', '1', '2013', '6092.77'),
(NULL, '419601', 'SECRETARIA DE ESTADO DE EDUCACAO,ESPORTE E LAZER DF', 'AGENTE GE SERVICOS GERAIS', '0', 'APOSENTADO', '1', '2013', '2887.17'),
(NULL, '729051', 'SECRETARIA DE ESTADO DE EDUCACAO,ESPORTE E LAZER DF', 'PROFESSOR CLASSE B', '0', 'ATIVO', '1', '2013', '4424.60'),
(NULL, '457131', 'SECRETARIA DE ESTADO DE EDUCACAO,ESPORTE E LAZER DF', 'PROFESSOR CLASSE A', '0', 'ATIVO', '3', '2013', '5096.94'),
(NULL, '134801', 'SECRETARIA DE ESTADO DE EDUCACAO,ESPORTE E LAZER DF', 'PROFESSOR CLASSE A', '0', 'APOSENTADO', '3', '2013', '4601.46'),
(NULL, '456511', 'SECRETARIA DE ESTADO DE EDUCACAO,ESPORTE E LAZER DF', 'PROFESSOR CLASSE A', '0', 'ATIVO', '3', '2013', '6468.46'),
(NULL, '895401', 'SECRETARIA DE ESTADO DE SAUDE', 'ENFERMEIRO', '0', 'ATIVO', '3', '2013', '7213.34'),
(NULL, '308854', 'SECRETARIA DE ESTADO DE SAUDE', 'MEDICO - OFTALMOLOGIA', '0', 'ATIVO', '3', '2013', '13886.51'),
(NULL, '482291', 'SECRETARIA DE ESTADO DE EDUCACAO,ESPORTE E LAZER DF', 'PROFESSOR CLASSE A', '0', 'ATIVO', '3', '2013', '6029.48'),
(NULL, '735711', 'SECRETARIA DE ESTADO DE SAUDE', 'TECNICO POL PUBL E GEST GOV', '0', 'ATIVO', '3', '2013', '5109.18'),
(NULL, '534942', 'SECRETARIA DE ESTADO DE EDUCACAO,ESPORTE E LAZER DF', 'PROFESSOR CLASSE A', '0', 'APOSENTADO', '3', '2013', '6669.91'),
(NULL, '517021', 'SECRETARIA DE ESTADO DE EDUCACAO,ESPORTE E LAZER DF', 'AGENTE GE CONS LIMP', '0', 'APOSENTADO', '3', '2013', '1141.94'),
(NULL, '728597', 'SECRETARIA DE ESTADO DE EDUCACAO,ESPORTE E LAZER DF', 'PROFESSOR CLASSE A', '0', 'ATIVO', '3', '2013', '6687.19'),
(NULL, '729051', 'SECRETARIA DE ESTADO DE EDUCACAO,ESPORTE E LAZER DF', 'PROFESSOR CLASSE B', '0', 'ATIVO', '3', '2013', '4196.51'),
(NULL, '731691', 'SECRETARIA DE ESTADO DE EDUCACAO,ESPORTE E LAZER DF', 'AGENTE GE CONS LIMP', '0', 'ATIVO', '3', '2013', '3657.82'),
(NULL, '465261', 'SECRETARIA DE ESTADO DE EDUCACAO,ESPORTE E LAZER DF', 'AGENTE GE PORTARIA', '0', 'PENSAO', '3', '2013', '2220.01'),
(NULL, '518815', 'SECRETARIA DE ESTADO DE EDUCACAO,ESPORTE E LAZER DF', 'PROFESSOR CLASSE B', '0', 'APOSENTADO', '3', '2013', '5048.45'),
(NULL, '935511', 'SECRETARIA DE ESTADO DE EDUCACAO,ESPORTE E LAZER DF', 'PROFESSOR CLASSE A', '0', 'ATIVO', '3', '2013', '5248.16'),
(NULL, '905061', 'SECRETARIA DE ESTADO DE EDUCACAO,ESPORTE E LAZER DF', 'PROFESSOR CLASSE A', '0', 'ATIVO', '3', '2013', '6144'),
(NULL, '855981', 'SECRETARIA DE ESTADO DE EDUCACAO,ESPORTE E LAZER DF', 'PROFESSOR DE EDUCACAO BASICA', '0', 'ATIVO', '3', '2013', '4028.14'),
(NULL, '192001', 'SECRETARIA DE ESTADO DE EDUCACAO,ESPORTE E LAZER DF', 'PROFESSOR CLASSE A', '0', 'APOSENTADO', '3', '2013', '8981.35'),
(NULL, '892061', 'SECRETARIA DE ESTADO DE SAUDE', 'AUXILIAR DE ENFERMAGEM', '0', 'ATIVO', '3', '2013', '6097.97'),
(NULL, '282301', 'SECRETARIA DE ESTADO DE EDUCACAO,ESPORTE E LAZER DF', 'PROFESSOR CLASSE A', '0', 'ATIVO', '3', '2013', '5026.58'),
(NULL, '694586', 'SECRETARIA DE ESTADO DE EDUCACAO,ESPORTE E LAZER DF', 'PROFESSOR DE EDUCACAO BASICA', '0', 'ATIVO', '3', '2013', '4819.65'),
(NULL, '694586', 'SECRETARIA DE ESTADO DE EDUCACAO TEMPORARIO', 'CONTRATO TEMPORARIO', '0', 'ATIVO', '3', '2013', '1580.87'),
(NULL, '309601', 'SECRETARIA DE ESTADO DE EDUCACAO,ESPORTE E LAZER DF', 'PROFESSOR CLASSE A', '0', 'ATIVO', '3', '2013', '5960.61'),
(NULL, '944991', 'SECRETARIA DE ESTADO DE EDUCACAO,ESPORTE E LAZER DF', 'PROFESSOR CLASSE A', '0', 'ATIVO', '3', '2013', '5249.81'),
(NULL, '76661', 'SECRETARIA DE ESTADO DE EDUCACAO,ESPORTE E LAZER DF', 'PROFESSOR CLASSE A', '0', 'APOSENTADO', '3', '2013', '7466.65'),
(NULL, '572391', 'SECRETARIA DE ESTADO DE SAUDE', 'AUXILIAR DE ENFERMAGEM', '0', 'ATIVO', '3', '2013', '2806.66'),
(NULL, '963991', 'SECRETARIA DE ESTADO DE SAUDE', 'MEDICO - PSIQUIATRIA', '0', 'ATIVO', '3', '2013', '3874.79'),
(NULL, '610657', 'SECRETARIA DE ESTADO DE EDUCACAO,ESPORTE E LAZER DF', 'PROFESSOR CLASSE A', '0', 'APOSENTADO', '3', '2013', '7000.52'),
(NULL, '650771', 'SECRETARIA DE ESTADO DE SAUDE', 'MEDICO - RADIOLOGISTA', '0', 'ATIVO', '3', '2013', '4803.16'),
(NULL, '907471', 'SECRETARIA DE ESTADO DE EDUCACAO,ESPORTE E LAZER DF', 'PROFESSOR CLASSE A', '0', 'ATIVO', '3', '2013', '5385.02'),
(NULL, '226381', 'SECRETARIA DE ESTADO DE EDUCACAO,ESPORTE E LAZER DF', 'PROFESSOR CLASSE A', '0', 'ATIVO', '3', '2013', '6068.93'),
(NULL, '819501', 'SECRETARIA DE ESTADO DE EDUCACAO,ESPORTE E LAZER DF', 'PROFESSOR CLASSE A', '0', 'APOSENTADO', '3', '2013', '6729'),
(NULL, '103861', 'SECRETARIA DE ESTADO DE EDUCACAO,ESPORTE E LAZER DF', 'PROFESSOR CLASSE A', '0', 'APOSENTADO', '3', '2013', '7075.79'),
(NULL, '955701', 'INSTITUTO DE PREVIDENCIA DOS SERVIDORES DO DISTRITO FEDERAL - DFPREV', 'TECNICO GE SEC ESCOLAR', '0', 'PENSAO', '3', '2013', '2434.84'),
(NULL, '844251', 'SECRETARIA DE ESTADO DE EDUCACAO,ESPORTE E LAZER DF', 'AGENTE GE CONS LIMP', '0', 'ATIVO', '3', '2013', '3986.64'),
(NULL, '897531', 'SECRETARIA DE ESTADO DE EDUCACAO,ESPORTE E LAZER DF', 'PROFESSOR CLASSE A', '0', 'APOSENTADO', '3', '2013', '6356.53'),
(NULL, '272431', 'SECRETARIA DE ESTADO DE EDUCACAO,ESPORTE E LAZER DF', 'PROFESSOR CLASSE A', '0', 'ATIVO', '3', '2013', '6242.35'),
(NULL, '198851', 'SECRETARIA DE ESTADO DE EDUCACAO,ESPORTE E LAZER DF', 'TECNICO GE APOIO ADMINISTRAT', 'SUPERVISOR', 'ATIVO', '3', '2013', '4428.3');

-- --------------------------------------------------------

--
-- Estrutura para tabela `renumeracao_2013_02`
--

CREATE TABLE `renumeracao_2013_02` (
  `NOME` varchar(70) DEFAULT NULL,
  `CPF_FORMATADO` varchar(40) DEFAULT NULL,
  `DC_EMPRESA` varchar(90) DEFAULT NULL,
  `DC_CARGO` varchar(80) DEFAULT NULL,
  `DC_FUNCAO` varchar(100) DEFAULT NULL,
  `DC_GRUPO_SITFUNC` varchar(100) DEFAULT NULL,
  `CO_MES_REFERENCIA` varchar(100) DEFAULT NULL,
  `CO_EXERCICIO` varchar(111) DEFAULT NULL,
  `VL_LIQUIDO` varchar(100) DEFAULT NULL
) ENGINE=InnoDB DEFAULT CHARSET=utf8mb4 COLLATE=utf8mb4_general_ci;

--
-- Despejando dados para a tabela `renumeracao_2013_02`
--

INSERT INTO `renumeracao_2013_02` (`NOME`, `CPF_FORMATADO`, `DC_EMPRESA`, `DC_CARGO`, `DC_FUNCAO`, `DC_GRUPO_SITFUNC`, `CO_MES_REFERENCIA`, `CO_EXERCICIO`, `VL_LIQUIDO`) VALUES
(NULL, '457131', 'SECRETARIA DE ESTADO DE EDUCACAO,ESPORTE E LAZER ', 'PROFESSOR CLASSE A', '0', 'ATIVO', '1', '2013', '501763'),
(NULL, '457131', 'SECRETARIA DE ESTADO DE EDUCACAO,ESPORTE E LAZER DF', 'PROFESSOR CLASSE A', '0', 'ATIVO', '1', '2013', '4977.93'),
(NULL, '134801', 'SECRETARIA DE ESTADO DE EDUCACAO,ESPORTE E LAZER DF', 'PROFESSOR CLASSE A', '0', 'APOSENTADO', '1', '2013', '4601.46'),
(NULL, '456511', 'SECRETARIA DE ESTADO DE EDUCACAO,ESPORTE E LAZER DF', 'PROFESSOR CLASSE A', '0', 'ATIVO', '1', '2013', '6468.46'),
(NULL, '895401', 'SECRETARIA DE ESTADO DE SAUDE', 'ENFERMEIRO', '0', 'ATIVO', '1', '2013', '5931.77'),
(NULL, '308854', 'SECRETARIA DE ESTADO DE SAUDE', 'MEDICO - OFTALMOLOGIA', '0', 'ATIVO', '1', '2013', '23666.2'),
(NULL, '482291', 'SECRETARIA DE ESTADO DE EDUCACAO,ESPORTE E LAZER DF', 'PROFESSOR CLASSE A', '0', 'ATIVO', '1', '2013', '6009.67'),
(NULL, '735711', 'SECRETARIA DE ESTADO DE SAUDE', 'TECNICO POL PUBL E GEST GOV', '0', 'ATIVO', '1', '2013', '5207.07'),
(NULL, '534942', 'SECRETARIA DE ESTADO DE EDUCACAO,ESPORTE E LAZER DF', 'PROFESSOR CLASSE A', '0', 'APOSENTADO', '1', '2013', '6669.91'),
(NULL, '517021', 'SECRETARIA DE ESTADO DE EDUCACAO,ESPORTE E LAZER DF', 'AGENTE GE CONS LIMP', '0', 'APOSENTADO', '1', '2013', '1141.94'),
(NULL, '728597', 'SECRETARIA DE ESTADO DE EDUCACAO,ESPORTE E LAZER DF', 'PROFESSOR CLASSE A', '0', 'ATIVO', '1', '2013', '6687.19'),
(NULL, '729051', 'SECRETARIA DE ESTADO DE EDUCACAO,ESPORTE E LAZER DF', 'PROFESSOR CLASSE B', '0', 'ATIVO', '1', '2013', '4398.08'),
(NULL, '731691', 'SECRETARIA DE ESTADO DE EDUCACAO,ESPORTE E LAZER DF', 'AGENTE GE CONS LIMP', '0', 'ATIVO', '1', '2013', '4005'),
(NULL, '465261', 'SECRETARIA DE ESTADO DE EDUCACAO,ESPORTE E LAZER DF', 'AGENTE GE PORTARIA', '0', 'PENSAO', '1', '2013', '2220.01'),
(NULL, '518815', 'SECRETARIA DE ESTADO DE EDUCACAO,ESPORTE E LAZER DF', 'PROFESSOR CLASSE B', '0', 'APOSENTADO', '1', '2013', '24939.8'),
(NULL, '935511', 'SECRETARIA DE ESTADO DE EDUCACAO,ESPORTE E LAZER DF', 'PROFESSOR CLASSE A', '0', 'ATIVO', '1', '2013', '5208.38'),
(NULL, '905061', 'SECRETARIA DE ESTADO DE EDUCACAO,ESPORTE E LAZER DF', 'PROFESSOR CLASSE A', '0', 'ATIVO', '1', '2013', '6144'),
(NULL, '855981', 'SECRETARIA DE ESTADO DE EDUCACAO,ESPORTE E LAZER DF', 'PROFESSOR DE EDUCACAO BASICA', '0', 'ATIVO', '1', '2013', '4028.14'),
(NULL, '192001', 'SECRETARIA DE ESTADO DE EDUCACAO,ESPORTE E LAZER DF', 'PROFESSOR CLASSE A', '0', 'APOSENTADO', '1', '2013', '8981.35'),
(NULL, '892061', 'SECRETARIA DE ESTADO DE SAUDE', 'AUXILIAR DE ENFERMAGEM', '0', 'ATIVO', '1', '2013', '6079.19'),
(NULL, '282301', 'SECRETARIA DE ESTADO DE EDUCACAO,ESPORTE E LAZER DF', 'PROFESSOR CLASSE A', '0', 'ATIVO', '1', '2013', '5026.58'),
(NULL, '457131', 'SECRETARIA DE ESTADO DE EDUCACAO,ESPORTE E LAZER ', 'PROFESSOR CLASSE A', '0', 'ATIVO', '1', '2013', '501763'),
(NULL, '694586', 'SECRETARIA DE ESTADO DE EDUCACAO,ESPORTE E LAZER DF', 'PROFESSOR DE EDUCACAO BASICA', '0', 'ATIVO', '1', '2013', '4910.59'),
(NULL, '694586', 'SECRETARIA DE ESTADO DE EDUCACAO TEMPORARIO', 'CONTRATO TEMPORARIO', '0', 'ATIVO', '1', '2013', '1395.94'),
(NULL, '309601', 'SECRETARIA DE ESTADO DE EDUCACAO,ESPORTE E LAZER DF', 'PROFESSOR CLASSE A', '0', 'ATIVO', '1', '2013', '5960.61'),
(NULL, '944991', 'SECRETARIA DE ESTADO DE EDUCACAO,ESPORTE E LAZER DF', 'PROFESSOR CLASSE A', '0', 'ATIVO', '1', '2013', '5164.09'),
(NULL, '76661', 'SECRETARIA DE ESTADO DE EDUCACAO,ESPORTE E LAZER DF', 'PROFESSOR CLASSE A', '0', 'APOSENTADO', '1', '2013', '7466.65'),
(NULL, '572391', 'SECRETARIA DE ESTADO DE SAUDE', 'AUXILIAR DE ENFERMAGEM', '0', 'ATIVO', '1', '2013', '2806.66'),
(NULL, '610657', 'SECRETARIA DE ESTADO DE EDUCACAO,ESPORTE E LAZER DF', 'PROFESSOR CLASSE A', '0', 'APOSENTADO', '1', '2013', '13801.04'),
(NULL, '650771', 'SECRETARIA DE ESTADO DE SAUDE', 'MEDICO - RADIOLOGISTA', '0', 'ATIVO', '1', '2013', '4030.76'),
(NULL, '907471', 'SECRETARIA DE ESTADO DE EDUCACAO,ESPORTE E LAZER DF', 'PROFESSOR CLASSE A', '0', 'ATIVO', '1', '2013', '5348.03'),
(NULL, '226381', 'SECRETARIA DE ESTADO DE EDUCACAO,ESPORTE E LAZER DF', 'PROFESSOR CLASSE A', '0', 'ATIVO', '1', '2013', '11582.2'),
(NULL, '819501', 'SECRETARIA DE ESTADO DE EDUCACAO,ESPORTE E LAZER DF', 'PROFESSOR CLASSE A', '0', 'APOSENTADO', '1', '2013', '6729'),
(NULL, '103861', 'SECRETARIA DE ESTADO DE EDUCACAO,ESPORTE E LAZER DF', 'PROFESSOR CLASSE A', '0', 'APOSENTADO', '1', '2013', '7075.79'),
(NULL, '955701', 'INSTITUTO DE PREVIDENCIA DOS SERVIDORES DO DISTRITO FEDERAL - DFPREV', 'TECNICO GE SEC ESCOLAR', '0', 'PENSAO', '1', '2013', '2434.84'),
(NULL, '844251', 'SECRETARIA DE ESTADO DE EDUCACAO,ESPORTE E LAZER DF', 'AGENTE GE CONS LIMP', '0', 'ATIVO', '1', '2013', '3986.64'),
(NULL, '897531', 'SECRETARIA DE ESTADO DE EDUCACAO,ESPORTE E LAZER DF', 'PROFESSOR CLASSE A', '0', 'APOSENTADO', '1', '2013', '6356.53'),
(NULL, '272431', 'SECRETARIA DE ESTADO DE EDUCACAO,ESPORTE E LAZER DF', 'PROFESSOR CLASSE A', '0', 'ATIVO', '1', '2013', '11980.7'),
(NULL, '198851', 'SECRETARIA DE ESTADO DE EDUCACAO,ESPORTE E LAZER DF', 'TECNICO GE APOIO ADMINISTRATIVO', '0', 'SUPERVISOR', '1', '2013', '4410.3'),
(NULL, '692801', 'SECRETARIA DE ESTADO DE SAUDE', 'AUXILIAR DE ENFERMAGEM', '0', 'ATIVO', '1', '2013', '3918.45'),
(NULL, '378531', 'SECRETARIA DE ESTADO DE EDUCACAO,ESPORTE E LAZER DF', 'PROFESSOR DE EDUCACAO BASICA', '0', 'ATIVO', '1', '2013', '4113.45'),
(NULL, '785861', 'SECRETARIA DE ESTADO DE DESENVOLVIMENTO HUMANO E SOCIAL', 'TEC.ASS.SOCIAL - AG. SOCIAL', '0', 'ATIVO', '1', '2013', '3120.34'),
(NULL, '977161', 'SECRETARIA DE ESTADO DE EDUCACAO,ESPORTE E LAZER DF', 'PROFESSOR CLASSE A', '0', 'PENSAO', '1', '2013', '1966.95'),
(NULL, '291601', 'SECRETARIA DE ESTADO DE EDUCACAO,ESPORTE E LAZER DF', 'PROFESSOR CLASSE A', '0', 'ATIVO', '1', '2013', '6355.06'),
(NULL, '786146', 'SECRETARIA DE ESTADO DE EDUCACAO,ESPORTE E LAZER DF', 'PROFESSOR CLASSE A', '0', 'ATIVO', '1', '2013', '7529.38'),
(NULL, '139651', 'SECRETARIA DE ESTADO DE EDUCACAO,ESPORTE E LAZER DF', 'PROFESSOR CLASSE A', '0', 'ATIVO', '1', '2013', '10324.46'),
(NULL, '676011', 'SECRETARIA DE ESTADO DE EDUCACAO,ESPORTE E LAZER DF', 'AGENTE GE CONS LIMP', '0', 'ATIVO', '1', '2013', '3956.67'),
(NULL, '580021', 'SECRETARIA DE ESTADO DE EDUCACAO,ESPORTE E LAZER DF', 'PROFESSOR DE EDUCACAO BASICA', '0', 'ATIVO', '1', '2013', '7593.4'),
(NULL, '620891', 'SECRETARIA DE ESTADO DE EDUCACAO,ESPORTE E LAZER DF', 'AGENTE GE CONS LIMP', '0', 'ATIVO', '1', '2013', '3906.67'),
(NULL, '789036', 'SECRETARIA DE ESTADO DE EDUCACAO,ESPORTE E LAZER DF', 'PROFESSOR CLASSE A', '0', 'APOSENTADO', '1', '2013', '6056.68');

-- --------------------------------------------------------

--
-- Estrutura para tabela `renumeracao_2013_03`
--

CREATE TABLE `renumeracao_2013_03` (
  `NOME` varchar(70) DEFAULT NULL,
  `CPF_FORMATADO` varchar(40) DEFAULT NULL,
  `DC_EMPRESA` varchar(90) DEFAULT NULL,
  `DC_CARGO` varchar(80) DEFAULT NULL,
  `DC_FUNCAO` varchar(100) DEFAULT NULL,
  `DC_GRUPO_SITFUNC` varchar(100) DEFAULT NULL,
  `CO_MES_REFERENCIA` varchar(100) DEFAULT NULL,
  `CO_EXERCICIO` varchar(111) DEFAULT NULL,
  `VL_LIQUIDO` varchar(100) DEFAULT NULL
) ENGINE=InnoDB DEFAULT CHARSET=utf8mb4 COLLATE=utf8mb4_general_ci;

--
-- Despejando dados para a tabela `renumeracao_2013_03`
--

INSERT INTO `renumeracao_2013_03` (`NOME`, `CPF_FORMATADO`, `DC_EMPRESA`, `DC_CARGO`, `DC_FUNCAO`, `DC_GRUPO_SITFUNC`, `CO_MES_REFERENCIA`, `CO_EXERCICIO`, `VL_LIQUIDO`) VALUES
(NULL, '457131', 'SECRETARIA DE ESTADO DE EDUCACAO,ESPORTE E LAZER DF', 'PROFESSOR CLASSE A', '0', 'ATIVO', '3', '2013', '5096.94'),
(NULL, '134801', 'SECRETARIA DE ESTADO DE EDUCACAO,ESPORTE E LAZER DF', 'PROFESSOR CLASSE A', '0', 'APOSENTADO', '3', '2013', '4601.46'),
(NULL, '456511', 'SECRETARIA DE ESTADO DE EDUCACAO,ESPORTE E LAZER DF', 'PROFESSOR CLASSE A', '0', 'ATIVO', '3', '2013', '6468.46'),
(NULL, '895401', 'SECRETARIA DE ESTADO DE SAUDE', 'ENFERMEIRO', '0', 'ATIVO', '3', '2013', '7213.34'),
(NULL, '308854', 'SECRETARIA DE ESTADO DE SAUDE', 'MEDICO - OFTALMOLOGIA', '0', 'ATIVO', '3', '2013', '13886.51'),
(NULL, '482291', 'SECRETARIA DE ESTADO DE EDUCACAO,ESPORTE E LAZER DF', 'PROFESSOR CLASSE A', '0', 'ATIVO', '3', '2013', '6029.48'),
(NULL, '735711', 'SECRETARIA DE ESTADO DE SAUDE', 'TECNICO POL PUBL E GEST GOV', '0', 'ATIVO', '3', '2013', '5109.18'),
(NULL, '534942', 'SECRETARIA DE ESTADO DE EDUCACAO,ESPORTE E LAZER DF', 'PROFESSOR CLASSE A', '0', 'APOSENTADO', '3', '2013', '6669.91'),
(NULL, '517021', 'SECRETARIA DE ESTADO DE EDUCACAO,ESPORTE E LAZER DF', 'AGENTE GE CONS LIMP', '0', 'APOSENTADO', '3', '2013', '1141.94'),
(NULL, '728597', 'SECRETARIA DE ESTADO DE EDUCACAO,ESPORTE E LAZER DF', 'PROFESSOR CLASSE A', '0', 'ATIVO', '3', '2013', '6687.19'),
(NULL, '729051', 'SECRETARIA DE ESTADO DE EDUCACAO,ESPORTE E LAZER DF', 'PROFESSOR CLASSE B', '0', 'ATIVO', '3', '2013', '4196.51'),
(NULL, '731691', 'SECRETARIA DE ESTADO DE EDUCACAO,ESPORTE E LAZER DF', 'AGENTE GE CONS LIMP', '0', 'ATIVO', '3', '2013', '3657.82'),
(NULL, '465261', 'SECRETARIA DE ESTADO DE EDUCACAO,ESPORTE E LAZER DF', 'AGENTE GE PORTARIA', '0', 'PENSAO', '3', '2013', '2220.01'),
(NULL, '518815', 'SECRETARIA DE ESTADO DE EDUCACAO,ESPORTE E LAZER DF', 'PROFESSOR CLASSE B', '0', 'APOSENTADO', '3', '2013', '5048.45'),
(NULL, '935511', 'SECRETARIA DE ESTADO DE EDUCACAO,ESPORTE E LAZER DF', 'PROFESSOR CLASSE A', '0', 'ATIVO', '3', '2013', '5248.16'),
(NULL, '905061', 'SECRETARIA DE ESTADO DE EDUCACAO,ESPORTE E LAZER DF', 'PROFESSOR CLASSE A', '0', 'ATIVO', '3', '2013', '6144'),
(NULL, '855981', 'SECRETARIA DE ESTADO DE EDUCACAO,ESPORTE E LAZER DF', 'PROFESSOR DE EDUCACAO BASICA', '0', 'ATIVO', '3', '2013', '4028.14'),
(NULL, '192001', 'SECRETARIA DE ESTADO DE EDUCACAO,ESPORTE E LAZER DF', 'PROFESSOR CLASSE A', '0', 'APOSENTADO', '3', '2013', '8981.35'),
(NULL, '892061', 'SECRETARIA DE ESTADO DE SAUDE', 'AUXILIAR DE ENFERMAGEM', '0', 'ATIVO', '3', '2013', '6097.97'),
(NULL, '282301', 'SECRETARIA DE ESTADO DE EDUCACAO,ESPORTE E LAZER DF', 'PROFESSOR CLASSE A', '0', 'ATIVO', '3', '2013', '5026.58'),
(NULL, '694586', 'SECRETARIA DE ESTADO DE EDUCACAO,ESPORTE E LAZER DF', 'PROFESSOR DE EDUCACAO BASICA', '0', 'ATIVO', '3', '2013', '4819.65'),
(NULL, '694586', 'SECRETARIA DE ESTADO DE EDUCACAO TEMPORARIO', 'CONTRATO TEMPORARIO', '0', 'ATIVO', '3', '2013', '1580.87'),
(NULL, '309601', 'SECRETARIA DE ESTADO DE EDUCACAO,ESPORTE E LAZER DF', 'PROFESSOR CLASSE A', '0', 'ATIVO', '3', '2013', '5960.61'),
(NULL, '944991', 'SECRETARIA DE ESTADO DE EDUCACAO,ESPORTE E LAZER DF', 'PROFESSOR CLASSE A', '0', 'ATIVO', '3', '2013', '5249.81'),
(NULL, '76661', 'SECRETARIA DE ESTADO DE EDUCACAO,ESPORTE E LAZER DF', 'PROFESSOR CLASSE A', '0', 'APOSENTADO', '3', '2013', '7466.65'),
(NULL, '572391', 'SECRETARIA DE ESTADO DE SAUDE', 'AUXILIAR DE ENFERMAGEM', '0', 'ATIVO', '3', '2013', '2806.66'),
(NULL, '963991', 'SECRETARIA DE ESTADO DE SAUDE', 'MEDICO - PSIQUIATRIA', '0', 'ATIVO', '3', '2013', '3874.79'),
(NULL, '610657', 'SECRETARIA DE ESTADO DE EDUCACAO,ESPORTE E LAZER DF', 'PROFESSOR CLASSE A', '0', 'APOSENTADO', '3', '2013', '7000.52'),
(NULL, '650771', 'SECRETARIA DE ESTADO DE SAUDE', 'MEDICO - RADIOLOGISTA', '0', 'ATIVO', '3', '2013', '4803.16'),
(NULL, '907471', 'SECRETARIA DE ESTADO DE EDUCACAO,ESPORTE E LAZER DF', 'PROFESSOR CLASSE A', '0', 'ATIVO', '3', '2013', '5385.02'),
(NULL, '226381', 'SECRETARIA DE ESTADO DE EDUCACAO,ESPORTE E LAZER DF', 'PROFESSOR CLASSE A', '0', 'ATIVO', '3', '2013', '6068.93'),
(NULL, '819501', 'SECRETARIA DE ESTADO DE EDUCACAO,ESPORTE E LAZER DF', 'PROFESSOR CLASSE A', '0', 'APOSENTADO', '3', '2013', '6729'),
(NULL, '103861', 'SECRETARIA DE ESTADO DE EDUCACAO,ESPORTE E LAZER DF', 'PROFESSOR CLASSE A', '0', 'APOSENTADO', '3', '2013', '7075.79'),
(NULL, '955701', 'INSTITUTO DE PREVIDENCIA DOS SERVIDORES DO DISTRITO FEDERAL - DFPREV', 'TECNICO GE SEC ESCOLAR', '0', 'PENSAO', '3', '2013', '2434.84'),
(NULL, '844251', 'SECRETARIA DE ESTADO DE EDUCACAO,ESPORTE E LAZER DF', 'AGENTE GE CONS LIMP', '0', 'ATIVO', '3', '2013', '3986.64'),
(NULL, '897531', 'SECRETARIA DE ESTADO DE EDUCACAO,ESPORTE E LAZER DF', 'PROFESSOR CLASSE A', '0', 'APOSENTADO', '3', '2013', '6356.53'),
(NULL, '272431', 'SECRETARIA DE ESTADO DE EDUCACAO,ESPORTE E LAZER DF', 'PROFESSOR CLASSE A', '0', 'ATIVO', '3', '2013', '6242.35'),
(NULL, '198851', 'SECRETARIA DE ESTADO DE EDUCACAO,ESPORTE E LAZER DF', 'TECNICO GE APOIO ADMINISTRAT', 'SUPERVISOR', 'ATIVO', '3', '2013', '4428.3'),
(NULL, '378531', 'SECRETARIA DE ESTADO DE EDUCACAO,ESPORTE E LAZER DF', 'PROFESSOR DE EDUCACAO BASICA', '0', 'ATIVO', '3', '2013', '4617.14'),
(NULL, '785861', 'SECRETARIA DE ESTADO DE DESENVOLVIMENTO HUMANO E SOCIAL', 'TEC.ASS.SOCIAL - AG. SOCIAL', '0', 'ATIVO', '3', '2013', '3136.59'),
(NULL, '785861', 'SECRETARIA DE ESTADO DE POLITICAS CRIANCAS, ADOLESCENTES E JUVENTUDE', 'CONSELHEIRO TUTELAR', '0', 'ATIVO', '3', '2013', '2302.22'),
(NULL, '977161', 'SECRETARIA DE ESTADO DE EDUCACAO,ESPORTE E LAZER DF', 'PROFESSOR CLASSE A', '0', 'PENSAO', '3', '2013', '1966.95'),
(NULL, '291601', 'SECRETARIA DE ESTADO DE EDUCACAO,ESPORTE E LAZER DF', 'PROFESSOR CLASSE A', '0', 'ATIVO', '3', '2013', '6451.36'),
(NULL, '786146', 'SECRETARIA DE ESTADO DE EDUCACAO,ESPORTE E LAZER DF', 'PROFESSOR CLASSE A', '0', 'ATIVO', '3', '2013', '3874.59'),
(NULL, '139651', 'SECRETARIA DE ESTADO DE EDUCACAO,ESPORTE E LAZER DF', 'PROFESSOR CLASSE A', '0', 'ATIVO', '3', '2013', '5443.3'),
(NULL, '676011', 'SECRETARIA DE ESTADO DE EDUCACAO,ESPORTE E LAZER DF', 'AGENTE GE CONS LIMP', '0', 'ATIVO', '3', '2013', '3972.67'),
(NULL, '580021', 'SECRETARIA DE ESTADO DE EDUCACAO,ESPORTE E LAZER DF', 'PROFESSOR DE EDUCACAO BASICA', '0', 'ATIVO', '3', '2013', '4087.26'),
(NULL, '620891', 'SECRETARIA DE ESTADO DE EDUCACAO,ESPORTE E LAZER DF', 'AGENTE GE CONS LIMP', '0', 'ATIVO', '3', '2013', '7350.54'),
(NULL, '789036', 'SECRETARIA DE ESTADO DE EDUCACAO,ESPORTE E LAZER DF', 'PROFESSOR CLASSE A', '', 'APOSENTADO', '3', '2013', '6056.68'),
(NULL, '419601', 'SECRETARIA DE ESTADO DE EDUCACAO,ESPORTE E LAZER DF', 'AGENTE GE SERVICOS GERAIS', '', 'APOSENTADO', '3', '2013', '2873.37'),
(NULL, '233621', 'SECRETARIA DE ESTADO DE EDUCACAO,ESPORTE E LAZER DF', 'AGENTE GE CONS LIMP', '', 'ATIVO', '3', '2013', '3875.47'),
(NULL, '448641', 'SECRETARIA DE ESTADO DE SAUDE', 'AUXILIAR DE ENFERMAGEM', '', 'ATIVO', '3', '2013', '10220.62'),
(NULL, '001701', 'SECRETARIA DE ESTADO DE EDUCACAO,ESPORTE E LAZER DF', 'TECNICO GE SEC ESCOLAR', '', 'APOSENTADO', '3', '2013', '5974.89'),
(NULL, '655581', 'SECRETARIA DE ESTADO DE EDUCACAO,ESPORTE E LAZER DF', 'PROFESSOR CLASSE B', '', 'APOSENTADO', '3', '2013', '5748.19'),
(NULL, '231214', 'SECRETARIA DE ESTADO DE EDUCACAO,ESPORTE E LAZER DF', 'PROFESSOR CLASSE A', 'DIRETOR', 'ATIVO', '3', '2013', '6454.39'),
(NULL, '036201', 'SECRETARIA DE ESTADO DE EDUCACAO,ESPORTE E LAZER DF', 'PROFESSOR CLASSE A', '', 'APOSENTADO', '3', '2013', '5965.61'),
(NULL, '030701', 'SECRETARIA DE ESTADO DE EDUCACAO,ESPORTE E LAZER DF', 'AGENTE GE CONS LIMP', '', 'APOSENTADO', '3', '2013', '1468.34'),
(NULL, '724421', 'SECRETARIA DE ESTADO DE EDUCACAO,ESPORTE E LAZER DF', 'PROFESSOR CLASSE A', '', 'APOSENTADO', '3', '2013', '6658.03'),
(NULL, '526536', 'SECRETARIA DE ESTADO DE EDUCACAO,ESPORTE E LAZER DF', 'PROFESSOR CLASSE A', '', 'APOSENTADO', '3', '2013', '6772.92');
--
-- Banco de dados: `phpmyadmin`
--
CREATE DATABASE IF NOT EXISTS `phpmyadmin` DEFAULT CHARACTER SET utf8 COLLATE utf8_bin;
USE `phpmyadmin`;

-- --------------------------------------------------------

--
-- Estrutura para tabela `pma__bookmark`
--

CREATE TABLE `pma__bookmark` (
  `id` int(10) UNSIGNED NOT NULL,
  `dbase` varchar(255) NOT NULL DEFAULT '',
  `user` varchar(255) NOT NULL DEFAULT '',
  `label` varchar(255) CHARACTER SET utf8 COLLATE utf8_general_ci NOT NULL DEFAULT '',
  `query` text NOT NULL
) ENGINE=InnoDB DEFAULT CHARSET=utf8 COLLATE=utf8_bin COMMENT='Bookmarks';

-- --------------------------------------------------------

--
-- Estrutura para tabela `pma__central_columns`
--

CREATE TABLE `pma__central_columns` (
  `db_name` varchar(64) NOT NULL,
  `col_name` varchar(64) NOT NULL,
  `col_type` varchar(64) NOT NULL,
  `col_length` text DEFAULT NULL,
  `col_collation` varchar(64) NOT NULL,
  `col_isNull` tinyint(1) NOT NULL,
  `col_extra` varchar(255) DEFAULT '',
  `col_default` text DEFAULT NULL
) ENGINE=InnoDB DEFAULT CHARSET=utf8 COLLATE=utf8_bin COMMENT='Central list of columns';

-- --------------------------------------------------------

--
-- Estrutura para tabela `pma__column_info`
--

CREATE TABLE `pma__column_info` (
  `id` int(5) UNSIGNED NOT NULL,
  `db_name` varchar(64) NOT NULL DEFAULT '',
  `table_name` varchar(64) NOT NULL DEFAULT '',
  `column_name` varchar(64) NOT NULL DEFAULT '',
  `comment` varchar(255) CHARACTER SET utf8 COLLATE utf8_general_ci NOT NULL DEFAULT '',
  `mimetype` varchar(255) CHARACTER SET utf8 COLLATE utf8_general_ci NOT NULL DEFAULT '',
  `transformation` varchar(255) NOT NULL DEFAULT '',
  `transformation_options` varchar(255) NOT NULL DEFAULT '',
  `input_transformation` varchar(255) NOT NULL DEFAULT '',
  `input_transformation_options` varchar(255) NOT NULL DEFAULT ''
) ENGINE=InnoDB DEFAULT CHARSET=utf8 COLLATE=utf8_bin COMMENT='Column information for phpMyAdmin';

-- --------------------------------------------------------

--
-- Estrutura para tabela `pma__designer_settings`
--

CREATE TABLE `pma__designer_settings` (
  `username` varchar(64) NOT NULL,
  `settings_data` text NOT NULL
) ENGINE=InnoDB DEFAULT CHARSET=utf8 COLLATE=utf8_bin COMMENT='Settings related to Designer';

-- --------------------------------------------------------

--
-- Estrutura para tabela `pma__export_templates`
--

CREATE TABLE `pma__export_templates` (
  `id` int(5) UNSIGNED NOT NULL,
  `username` varchar(64) NOT NULL,
  `export_type` varchar(10) NOT NULL,
  `template_name` varchar(64) NOT NULL,
  `template_data` text NOT NULL
) ENGINE=InnoDB DEFAULT CHARSET=utf8 COLLATE=utf8_bin COMMENT='Saved export templates';

--
-- Despejando dados para a tabela `pma__export_templates`
--

INSERT INTO `pma__export_templates` (`id`, `username`, `export_type`, `template_name`, `template_data`) VALUES
(1, 'root', 'server', 'teste', '{\"quick_or_custom\":\"quick\",\"what\":\"sql\",\"db_select[]\":[\"bd_caso_estudo_vendas\",\"brecho\",\"cadastrar\",\"cadastro\",\"desafio\",\"governogdf\",\"phpmyadmin\",\"test\",\"teste_php\",\"ynayra\"],\"aliases_new\":\"\",\"output_format\":\"sendit\",\"filename_template\":\"@SERVER@\",\"remember_template\":\"on\",\"charset\":\"utf-8\",\"compression\":\"none\",\"maxsize\":\"\",\"codegen_structure_or_data\":\"data\",\"codegen_format\":\"0\",\"csv_separator\":\",\",\"csv_enclosed\":\"\\\"\",\"csv_escaped\":\"\\\"\",\"csv_terminated\":\"AUTO\",\"csv_null\":\"NULL\",\"csv_columns\":\"something\",\"csv_structure_or_data\":\"data\",\"excel_null\":\"NULL\",\"excel_columns\":\"something\",\"excel_edition\":\"win\",\"excel_structure_or_data\":\"data\",\"json_structure_or_data\":\"data\",\"json_unicode\":\"something\",\"latex_caption\":\"something\",\"latex_structure_or_data\":\"structure_and_data\",\"latex_structure_caption\":\"Estrutura da tabela @TABLE@\",\"latex_structure_continued_caption\":\"Estrutura da tabela @TABLE@ (continuação)\",\"latex_structure_label\":\"tab:@TABLE@-structure\",\"latex_relation\":\"something\",\"latex_comments\":\"something\",\"latex_mime\":\"something\",\"latex_columns\":\"something\",\"latex_data_caption\":\"Conteúdo da tabela @TABLE@\",\"latex_data_continued_caption\":\"Conteúdo da tabela @TABLE@ (continuação)\",\"latex_data_label\":\"tab:@TABLE@-data\",\"latex_null\":\"\\\\textit{NULL}\",\"mediawiki_structure_or_data\":\"data\",\"mediawiki_caption\":\"something\",\"mediawiki_headers\":\"something\",\"htmlword_structure_or_data\":\"structure_and_data\",\"htmlword_null\":\"NULL\",\"ods_null\":\"NULL\",\"ods_structure_or_data\":\"data\",\"odt_structure_or_data\":\"structure_and_data\",\"odt_relation\":\"something\",\"odt_comments\":\"something\",\"odt_mime\":\"something\",\"odt_columns\":\"something\",\"odt_null\":\"NULL\",\"pdf_report_title\":\"\",\"pdf_structure_or_data\":\"data\",\"phparray_structure_or_data\":\"data\",\"sql_include_comments\":\"something\",\"sql_header_comment\":\"\",\"sql_use_transaction\":\"something\",\"sql_compatibility\":\"NONE\",\"sql_structure_or_data\":\"structure_and_data\",\"sql_create_table\":\"something\",\"sql_auto_increment\":\"something\",\"sql_create_view\":\"something\",\"sql_create_trigger\":\"something\",\"sql_backquotes\":\"something\",\"sql_type\":\"INSERT\",\"sql_insert_syntax\":\"both\",\"sql_max_query_size\":\"50000\",\"sql_hex_for_binary\":\"something\",\"sql_utc_time\":\"something\",\"texytext_structure_or_data\":\"structure_and_data\",\"texytext_null\":\"NULL\",\"yaml_structure_or_data\":\"data\",\"\":null,\"as_separate_files\":null,\"csv_removeCRLF\":null,\"excel_removeCRLF\":null,\"json_pretty_print\":null,\"htmlword_columns\":null,\"ods_columns\":null,\"sql_dates\":null,\"sql_relation\":null,\"sql_mime\":null,\"sql_disable_fk\":null,\"sql_views_as_tables\":null,\"sql_metadata\":null,\"sql_drop_database\":null,\"sql_drop_table\":null,\"sql_if_not_exists\":null,\"sql_simple_view_export\":null,\"sql_view_current_user\":null,\"sql_or_replace_view\":null,\"sql_procedure_function\":null,\"sql_truncate\":null,\"sql_delayed\":null,\"sql_ignore\":null,\"texytext_columns\":null}');

-- --------------------------------------------------------

--
-- Estrutura para tabela `pma__favorite`
--

CREATE TABLE `pma__favorite` (
  `username` varchar(64) NOT NULL,
  `tables` text NOT NULL
) ENGINE=InnoDB DEFAULT CHARSET=utf8 COLLATE=utf8_bin COMMENT='Favorite tables';

-- --------------------------------------------------------

--
-- Estrutura para tabela `pma__history`
--

CREATE TABLE `pma__history` (
  `id` bigint(20) UNSIGNED NOT NULL,
  `username` varchar(64) NOT NULL DEFAULT '',
  `db` varchar(64) NOT NULL DEFAULT '',
  `table` varchar(64) NOT NULL DEFAULT '',
  `timevalue` timestamp NOT NULL DEFAULT current_timestamp(),
  `sqlquery` text NOT NULL
) ENGINE=InnoDB DEFAULT CHARSET=utf8 COLLATE=utf8_bin COMMENT='SQL history for phpMyAdmin';

-- --------------------------------------------------------

--
-- Estrutura para tabela `pma__navigationhiding`
--

CREATE TABLE `pma__navigationhiding` (
  `username` varchar(64) NOT NULL,
  `item_name` varchar(64) NOT NULL,
  `item_type` varchar(64) NOT NULL,
  `db_name` varchar(64) NOT NULL,
  `table_name` varchar(64) NOT NULL
) ENGINE=InnoDB DEFAULT CHARSET=utf8 COLLATE=utf8_bin COMMENT='Hidden items of navigation tree';

-- --------------------------------------------------------

--
-- Estrutura para tabela `pma__pdf_pages`
--

CREATE TABLE `pma__pdf_pages` (
  `db_name` varchar(64) NOT NULL DEFAULT '',
  `page_nr` int(10) UNSIGNED NOT NULL,
  `page_descr` varchar(50) CHARACTER SET utf8 COLLATE utf8_general_ci NOT NULL DEFAULT ''
) ENGINE=InnoDB DEFAULT CHARSET=utf8 COLLATE=utf8_bin COMMENT='PDF relation pages for phpMyAdmin';

-- --------------------------------------------------------

--
-- Estrutura para tabela `pma__recent`
--

CREATE TABLE `pma__recent` (
  `username` varchar(64) NOT NULL,
  `tables` text NOT NULL
) ENGINE=InnoDB DEFAULT CHARSET=utf8 COLLATE=utf8_bin COMMENT='Recently accessed tables';

--
-- Despejando dados para a tabela `pma__recent`
--

INSERT INTO `pma__recent` (`username`, `tables`) VALUES
('root', '[{\"db\":\"desafio\",\"table\":\"usuarios\"},{\"db\":\"cadastro\",\"table\":\"clientes\"},{\"db\":\"cadastrar\",\"table\":\"usuarios\"},{\"db\":\"teste_php\",\"table\":\"tablea\"},{\"db\":\"teste_php\",\"table\":\"lista\"},{\"db\":\"brecho\",\"table\":\"cadastro\"},{\"db\":\"ynayra\",\"table\":\"usuarios\"},{\"db\":\"ynayra\",\"table\":\"usu\\u00e1rios\"}]');

-- --------------------------------------------------------

--
-- Estrutura para tabela `pma__relation`
--

CREATE TABLE `pma__relation` (
  `master_db` varchar(64) NOT NULL DEFAULT '',
  `master_table` varchar(64) NOT NULL DEFAULT '',
  `master_field` varchar(64) NOT NULL DEFAULT '',
  `foreign_db` varchar(64) NOT NULL DEFAULT '',
  `foreign_table` varchar(64) NOT NULL DEFAULT '',
  `foreign_field` varchar(64) NOT NULL DEFAULT ''
) ENGINE=InnoDB DEFAULT CHARSET=utf8 COLLATE=utf8_bin COMMENT='Relation table';

-- --------------------------------------------------------

--
-- Estrutura para tabela `pma__savedsearches`
--

CREATE TABLE `pma__savedsearches` (
  `id` int(5) UNSIGNED NOT NULL,
  `username` varchar(64) NOT NULL DEFAULT '',
  `db_name` varchar(64) NOT NULL DEFAULT '',
  `search_name` varchar(64) NOT NULL DEFAULT '',
  `search_data` text NOT NULL
) ENGINE=InnoDB DEFAULT CHARSET=utf8 COLLATE=utf8_bin COMMENT='Saved searches';

-- --------------------------------------------------------

--
-- Estrutura para tabela `pma__table_coords`
--

CREATE TABLE `pma__table_coords` (
  `db_name` varchar(64) NOT NULL DEFAULT '',
  `table_name` varchar(64) NOT NULL DEFAULT '',
  `pdf_page_number` int(11) NOT NULL DEFAULT 0,
  `x` float UNSIGNED NOT NULL DEFAULT 0,
  `y` float UNSIGNED NOT NULL DEFAULT 0
) ENGINE=InnoDB DEFAULT CHARSET=utf8 COLLATE=utf8_bin COMMENT='Table coordinates for phpMyAdmin PDF output';

-- --------------------------------------------------------

--
-- Estrutura para tabela `pma__table_info`
--

CREATE TABLE `pma__table_info` (
  `db_name` varchar(64) NOT NULL DEFAULT '',
  `table_name` varchar(64) NOT NULL DEFAULT '',
  `display_field` varchar(64) NOT NULL DEFAULT ''
) ENGINE=InnoDB DEFAULT CHARSET=utf8 COLLATE=utf8_bin COMMENT='Table information for phpMyAdmin';

-- --------------------------------------------------------

--
-- Estrutura para tabela `pma__table_uiprefs`
--

CREATE TABLE `pma__table_uiprefs` (
  `username` varchar(64) NOT NULL,
  `db_name` varchar(64) NOT NULL,
  `table_name` varchar(64) NOT NULL,
  `prefs` text NOT NULL,
  `last_update` timestamp NOT NULL DEFAULT current_timestamp() ON UPDATE current_timestamp()
) ENGINE=InnoDB DEFAULT CHARSET=utf8 COLLATE=utf8_bin COMMENT='Tables'' UI preferences';

--
-- Despejando dados para a tabela `pma__table_uiprefs`
--

INSERT INTO `pma__table_uiprefs` (`username`, `db_name`, `table_name`, `prefs`, `last_update`) VALUES
('root', 'desafio', 'usuarios', '{\"sorted_col\":\"`usuarios`.`cpf` DESC\"}', '2024-07-11 13:16:37');

-- --------------------------------------------------------

--
-- Estrutura para tabela `pma__tracking`
--

CREATE TABLE `pma__tracking` (
  `db_name` varchar(64) NOT NULL,
  `table_name` varchar(64) NOT NULL,
  `version` int(10) UNSIGNED NOT NULL,
  `date_created` datetime NOT NULL,
  `date_updated` datetime NOT NULL,
  `schema_snapshot` text NOT NULL,
  `schema_sql` text DEFAULT NULL,
  `data_sql` longtext DEFAULT NULL,
  `tracking` set('UPDATE','REPLACE','INSERT','DELETE','TRUNCATE','CREATE DATABASE','ALTER DATABASE','DROP DATABASE','CREATE TABLE','ALTER TABLE','RENAME TABLE','DROP TABLE','CREATE INDEX','DROP INDEX','CREATE VIEW','ALTER VIEW','DROP VIEW') DEFAULT NULL,
  `tracking_active` int(1) UNSIGNED NOT NULL DEFAULT 1
) ENGINE=InnoDB DEFAULT CHARSET=utf8 COLLATE=utf8_bin COMMENT='Database changes tracking for phpMyAdmin';

-- --------------------------------------------------------

--
-- Estrutura para tabela `pma__userconfig`
--

CREATE TABLE `pma__userconfig` (
  `username` varchar(64) NOT NULL,
  `timevalue` timestamp NOT NULL DEFAULT current_timestamp() ON UPDATE current_timestamp(),
  `config_data` text NOT NULL
) ENGINE=InnoDB DEFAULT CHARSET=utf8 COLLATE=utf8_bin COMMENT='User preferences storage for phpMyAdmin';

--
-- Despejando dados para a tabela `pma__userconfig`
--

INSERT INTO `pma__userconfig` (`username`, `timevalue`, `config_data`) VALUES
('root', '2024-07-12 11:13:02', '{\"Console\\/Mode\":\"collapse\",\"lang\":\"pt_BR\"}');

-- --------------------------------------------------------

--
-- Estrutura para tabela `pma__usergroups`
--

CREATE TABLE `pma__usergroups` (
  `usergroup` varchar(64) NOT NULL,
  `tab` varchar(64) NOT NULL,
  `allowed` enum('Y','N') NOT NULL DEFAULT 'N'
) ENGINE=InnoDB DEFAULT CHARSET=utf8 COLLATE=utf8_bin COMMENT='User groups with configured menu items';

-- --------------------------------------------------------

--
-- Estrutura para tabela `pma__users`
--

CREATE TABLE `pma__users` (
  `username` varchar(64) NOT NULL,
  `usergroup` varchar(64) NOT NULL
) ENGINE=InnoDB DEFAULT CHARSET=utf8 COLLATE=utf8_bin COMMENT='Users and their assignments to user groups';

--
-- Índices para tabelas despejadas
--

--
-- Índices de tabela `pma__bookmark`
--
ALTER TABLE `pma__bookmark`
  ADD PRIMARY KEY (`id`);

--
-- Índices de tabela `pma__central_columns`
--
ALTER TABLE `pma__central_columns`
  ADD PRIMARY KEY (`db_name`,`col_name`);

--
-- Índices de tabela `pma__column_info`
--
ALTER TABLE `pma__column_info`
  ADD PRIMARY KEY (`id`),
  ADD UNIQUE KEY `db_name` (`db_name`,`table_name`,`column_name`);

--
-- Índices de tabela `pma__designer_settings`
--
ALTER TABLE `pma__designer_settings`
  ADD PRIMARY KEY (`username`);

--
-- Índices de tabela `pma__export_templates`
--
ALTER TABLE `pma__export_templates`
  ADD PRIMARY KEY (`id`),
  ADD UNIQUE KEY `u_user_type_template` (`username`,`export_type`,`template_name`);

--
-- Índices de tabela `pma__favorite`
--
ALTER TABLE `pma__favorite`
  ADD PRIMARY KEY (`username`);

--
-- Índices de tabela `pma__history`
--
ALTER TABLE `pma__history`
  ADD PRIMARY KEY (`id`),
  ADD KEY `username` (`username`,`db`,`table`,`timevalue`);

--
-- Índices de tabela `pma__navigationhiding`
--
ALTER TABLE `pma__navigationhiding`
  ADD PRIMARY KEY (`username`,`item_name`,`item_type`,`db_name`,`table_name`);

--
-- Índices de tabela `pma__pdf_pages`
--
ALTER TABLE `pma__pdf_pages`
  ADD PRIMARY KEY (`page_nr`),
  ADD KEY `db_name` (`db_name`);

--
-- Índices de tabela `pma__recent`
--
ALTER TABLE `pma__recent`
  ADD PRIMARY KEY (`username`);

--
-- Índices de tabela `pma__relation`
--
ALTER TABLE `pma__relation`
  ADD PRIMARY KEY (`master_db`,`master_table`,`master_field`),
  ADD KEY `foreign_field` (`foreign_db`,`foreign_table`);

--
-- Índices de tabela `pma__savedsearches`
--
ALTER TABLE `pma__savedsearches`
  ADD PRIMARY KEY (`id`),
  ADD UNIQUE KEY `u_savedsearches_username_dbname` (`username`,`db_name`,`search_name`);

--
-- Índices de tabela `pma__table_coords`
--
ALTER TABLE `pma__table_coords`
  ADD PRIMARY KEY (`db_name`,`table_name`,`pdf_page_number`);

--
-- Índices de tabela `pma__table_info`
--
ALTER TABLE `pma__table_info`
  ADD PRIMARY KEY (`db_name`,`table_name`);

--
-- Índices de tabela `pma__table_uiprefs`
--
ALTER TABLE `pma__table_uiprefs`
  ADD PRIMARY KEY (`username`,`db_name`,`table_name`);

--
-- Índices de tabela `pma__tracking`
--
ALTER TABLE `pma__tracking`
  ADD PRIMARY KEY (`db_name`,`table_name`,`version`);

--
-- Índices de tabela `pma__userconfig`
--
ALTER TABLE `pma__userconfig`
  ADD PRIMARY KEY (`username`);

--
-- Índices de tabela `pma__usergroups`
--
ALTER TABLE `pma__usergroups`
  ADD PRIMARY KEY (`usergroup`,`tab`,`allowed`);

--
-- Índices de tabela `pma__users`
--
ALTER TABLE `pma__users`
  ADD PRIMARY KEY (`username`,`usergroup`);

--
-- AUTO_INCREMENT para tabelas despejadas
--

--
-- AUTO_INCREMENT de tabela `pma__bookmark`
--
ALTER TABLE `pma__bookmark`
  MODIFY `id` int(10) UNSIGNED NOT NULL AUTO_INCREMENT;

--
-- AUTO_INCREMENT de tabela `pma__column_info`
--
ALTER TABLE `pma__column_info`
  MODIFY `id` int(5) UNSIGNED NOT NULL AUTO_INCREMENT;

--
-- AUTO_INCREMENT de tabela `pma__export_templates`
--
ALTER TABLE `pma__export_templates`
  MODIFY `id` int(5) UNSIGNED NOT NULL AUTO_INCREMENT, AUTO_INCREMENT=2;

--
-- AUTO_INCREMENT de tabela `pma__history`
--
ALTER TABLE `pma__history`
  MODIFY `id` bigint(20) UNSIGNED NOT NULL AUTO_INCREMENT;

--
-- AUTO_INCREMENT de tabela `pma__pdf_pages`
--
ALTER TABLE `pma__pdf_pages`
  MODIFY `page_nr` int(10) UNSIGNED NOT NULL AUTO_INCREMENT;

--
-- AUTO_INCREMENT de tabela `pma__savedsearches`
--
ALTER TABLE `pma__savedsearches`
  MODIFY `id` int(5) UNSIGNED NOT NULL AUTO_INCREMENT;
--
-- Banco de dados: `test`
--
CREATE DATABASE IF NOT EXISTS `test` DEFAULT CHARACTER SET latin1 COLLATE latin1_swedish_ci;
USE `test`;
--
-- Banco de dados: `teste_php`
--
CREATE DATABASE IF NOT EXISTS `teste_php` DEFAULT CHARACTER SET utf8mb4 COLLATE utf8mb4_general_ci;
USE `teste_php`;

-- --------------------------------------------------------

--
-- Estrutura para tabela `tablea`
--

CREATE TABLE `tablea` (
  `id` int(11) NOT NULL,
  `Nome` varchar(20) NOT NULL,
  `email` varchar(220) NOT NULL
) ENGINE=InnoDB DEFAULT CHARSET=utf8mb4 COLLATE=utf8mb4_general_ci;

--
-- Índices para tabelas despejadas
--

--
-- Índices de tabela `tablea`
--
ALTER TABLE `tablea`
  ADD PRIMARY KEY (`id`);

--
-- AUTO_INCREMENT para tabelas despejadas
--

--
-- AUTO_INCREMENT de tabela `tablea`
--
ALTER TABLE `tablea`
  MODIFY `id` int(11) NOT NULL AUTO_INCREMENT;
--
-- Banco de dados: `ynayra`
--
CREATE DATABASE IF NOT EXISTS `ynayra` DEFAULT CHARACTER SET utf8mb4 COLLATE utf8mb4_general_ci;
USE `ynayra`;

-- --------------------------------------------------------

--
-- Estrutura para tabela `usuarios`
--

CREATE TABLE `usuarios` (
  `id` int(11) NOT NULL,
  `nome` varchar(220) NOT NULL,
  `email` int(220) NOT NULL,
  `created` datetime NOT NULL,
  `modifield` datetime DEFAULT NULL
) ENGINE=InnoDB DEFAULT CHARSET=utf8mb4 COLLATE=utf8mb4_general_ci;

--
-- Despejando dados para a tabela `usuarios`
--

INSERT INTO `usuarios` (`id`, `nome`, `email`, `created`, `modifield`) VALUES
(1, '', 0, '2024-04-03 11:31:59', NULL),
(2, '', 0, '2024-04-03 11:32:00', NULL),
(3, 'MARIA DO SOCORRO DE CARVALHO AMORIM', 0, '2024-04-03 11:34:38', NULL);

--
-- Índices para tabelas despejadas
--

--
-- Índices de tabela `usuarios`
--
ALTER TABLE `usuarios`
  ADD PRIMARY KEY (`id`);

--
-- AUTO_INCREMENT para tabelas despejadas
--

--
-- AUTO_INCREMENT de tabela `usuarios`
--
ALTER TABLE `usuarios`
  MODIFY `id` int(11) NOT NULL AUTO_INCREMENT, AUTO_INCREMENT=4;
COMMIT;

/*!40101 SET CHARACTER_SET_CLIENT=@OLD_CHARACTER_SET_CLIENT */;
/*!40101 SET CHARACTER_SET_RESULTS=@OLD_CHARACTER_SET_RESULTS */;
/*!40101 SET COLLATION_CONNECTION=@OLD_COLLATION_CONNECTION */;
